,Year,Country,Region,Continent,Latitude,Longitude,CPI,total_affected,cluster_labels
0,1905,4,2,0,32.04,76.16,3.5223001018494,20000.0,0.0
1,1907,3,0,0,38.5,69.9,3.6527556611772,12000.0,0.0
2,1914,5,1,0,-3.924,101.82,3.9267123357654,40.0,0.0
3,1917,3,0,0,28.0,104.0,5.0225390341186,1800.0,0.0
4,1917,5,1,0,-7.0,116.0,5.0225390341186,15000.0,0.0
5,1918,3,0,0,23.5,117.0,5.8965912816145005,10000.0,0.0
6,1920,3,0,0,36.88800000000001,105.606,7.8534246715309,180000.0,0.0
7,1923,3,0,0,31.295,100.75,6.679324637581099,5000.0,0.0
8,1924,5,1,0,-7.21,109.56,6.7184613053794005,11977.0,0.0
9,1925,3,0,0,25.713,100.422,6.8750079765728,5000.0,0.0
10,1927,5,1,0,-0.8420000000000001,120.764,6.809780196908901,100.0,0.0
11,1927,3,0,0,37.645,102.489,6.809780196908901,174806.0,0.0
12,1932,5,1,0,0.5,126.0,5.348677932438,3081.0,0.0
13,1933,3,0,0,31.9,103.4,5.0747212578497,10000.0,0.0
14,1936,5,1,0,6.1,94.7,5.439996823967401,29.0,0.0
15,1936,5,1,0,3.5,97.5,5.439996823967401,17.0,0.0
16,1938,5,1,0,-0.557,118.881,5.5182701595640005,5630.0,0.0
18,1943,5,1,0,-8.591000000000001,109.803,6.7836890850433,16309.0,0.0
19,1950,4,2,0,28.5,96.5,9.4319369393968,1500.0,0.0
20,1954,0,2,0,36.0,66.0,10.5277636377498,2000.0,0.0
21,1955,3,0,0,30.0,101.8,10.473000409773,152.0,0.0
22,1956,0,2,0,35.1,67.5,10.632719168290599,2100.0,0.0
23,1956,4,2,0,23.0,70.0,10.632719168290599,332.0,0.0
24,1958,5,1,0,-9.5,112.5,11.2878924132663,3369.0,0.0
25,1965,5,1,0,-2.608,-125.952,12.324432668363901,15071.0,0.0
26,1967,5,1,0,-3.7,119.3,13.048062107494,171.0,0.0
27,1967,5,1,0,-8.965,113.017,13.048062107494,8465.0,0.0
29,1967,4,2,0,17.412,73.885,13.048062107494,52449.0,0.0
31,1969,3,0,0,22.317,111.8,14.3486278167258,56810.0,0.0
32,1970,3,0,0,24.185,102.543,15.1863354613098,10000.0,0.0
33,1970,4,2,0,21.7,73.0,15.1863354613098,226.0,0.0
34,1974,3,0,0,28.4,104.1,19.2868744704009,20000.0,0.0
35,1975,3,0,0,40.641,122.58,21.050307515162498,2000.0,0.0
36,1975,4,2,0,32.455,78.43,21.050307515162498,47.0,0.0
38,1976,0,2,0,36.61,67.79,22.259601389148997,90050.0,1.0
39,1976,3,0,0,39.57,117.978,22.259601389148997,406000.0,1.0
40,1976,3,0,0,30.37,104.06,22.259601389148997,0.0,1.0
41,1976,5,1,0,-4.603,140.091,22.259601389148997,15420.0,0.0
42,1976,5,1,0,-8.17,114.888,22.259601389148997,455328.0,0.0
43,1976,5,1,0,-4.517,139.918,22.259601389148997,7133.0,0.0
44,1977,5,1,0,-11.164,118.378,23.7068509965271,4160.0,0.0
46,1930,7,1,0,17.86,96.43,6.548869078253301,500.0,0.0
47,1930,7,1,0,18.233,96.298,6.548869078253301,36.0,1.0
48,1935,9,2,0,29.5,66.8,5.374769044303499,85000.0,1.0
49,1941,7,1,0,22.408,99.814,5.7661357222868,15.0,2.0
50,1945,9,2,0,24.927,63.601000000000006,7.057645759631599,4000.0,2.0
51,1966,8,2,0,29.706,80.935,12.6960281686485,20180.0,2.0
52,1972,9,2,0,36.0,73.4,16.356524754182598,5100.0,2.0
53,1974,9,2,0,35.1,72.9,19.2868744704009,54900.0,2.0
54,1979,3,0,0,31.452,119.241,28.387598897135895,572574.0,2.0
55,1979,3,0,0,41.145,108.129,28.387598897135895,2104.0,2.0
57,1981,3,0,0,30.927,101.098,35.565171520591605,26000.0,2.0
58,1982,0,2,0,36.148,69.01100000000001,37.7458220769372,38500.0,2.0
59,1982,3,0,0,31.907,99.931,37.7458220769372,15.0,2.0
61,1983,0,2,0,34.01,71.4,38.9583793014576,34515.0,2.0
62,1983,3,0,0,35.206,115.213,38.9583793014576,18734.0,1.0
63,1984,0,2,0,34.26,70.28,40.6338038615079,36.0,2.0
64,1985,3,0,0,25.926,102.871,42.074526767818206,322.0,2.0
65,1985,3,0,0,39.431,75.22399999999998,42.074526767818206,16167.0,1.0
66,1986,3,0,0,31.24,86.84700000000001,42.8731298312885,290.0,1.0
68,1987,3,0,0,41.529,79.318,44.44423842484,2085.0,1.0
69,1987,3,0,0,24.924,115.608,44.44423842484,185084.0,1.0
73,1988,1,2,0,24.688,991.57,46.256556831435006,102.0,1.0
74,1988,3,0,0,38.111,106.336,46.256556831435006,50060.0,1.0
75,1988,3,0,0,22.789,99.611,46.256556831435006,1271303.0,1.0
76,1979,5,1,0,-1.679,136.04,28.387598897135895,5007.0,1.0
77,1979,5,1,0,8.21,115.95,28.387598897135895,36082.0,1.0
78,1979,5,1,0,-7.6560000000000015,108.252,28.387598897135895,43226.0,1.0
79,1979,5,1,0,-3.299,102.712,28.387598897135895,1505.0,1.0
80,1979,5,1,0,-8.39,115.889,28.387598897135895,651.0,1.0
84,1980,4,2,0,32.913000000000004,75.633,32.2338932328122,53.0,1.0
85,1980,8,2,0,29.598000000000006,81.092,32.2338932328122,240700.0,1.0
86,1981,5,1,0,-4.5760000000000005,139.232,35.565171520591605,2988.0,1.0
87,1981,9,2,0,35.69300000000001,73.594,35.565171520591605,2250.0,1.0
88,1981,9,2,0,29.856,66.962,35.565171520591605,243.0,1.0
89,1982,5,1,0,-8.405,123.08,37.7458220769372,8830.0,1.0
90,1982,5,1,0,4.374,97.755,37.7458220769372,15000.0,1.0
92,1983,5,1,0,5.723,94.722,38.9583793014576,100.0,2.0
94,1983,9,2,0,36.372,70.738,38.9583793014576,567.0,2.0
95,1984,5,1,0,2.41,118.55,40.6338038615079,91.0,2.0
96,1984,5,1,0,1.3,98.0,40.6338038615079,1858.0,2.0
97,1984,4,2,0,24.4,92.34,40.6338038615079,10920.0,2.0
99,1984,9,2,0,34.07,71.15,40.6338038615079,16.0,2.0
100,1985,5,1,0,-4.13,136.049,42.074526767818206,17.0,2.0
102,1985,9,2,0,36.19,70.896,42.074526767818206,12043.0,2.0
103,1986,4,2,0,32.128,76.374,42.8731298312885,36.0,2.0
106,1986,9,2,0,27.726999999999997,66.65,42.8731298312885,750.0,1.0
108,1987,5,1,0,-8.247,124.155,44.44423842484,17225.0,1.0
109,1987,5,1,0,2.244,98.866,44.44423842484,15003.0,1.0
111,1988,4,2,0,26.755,616.0,46.256556831435006,20004148.0,1.0
114,1988,8,2,0,26.755,86.616,46.256556831435006,301725.0,1.0
116,1989,1,2,0,21.861,89.76299999999998,48.48936537103,101.0,1.0
117,1989,3,0,0,29.987,99.195,48.48936537103,40115.0,1.0
118,1989,3,0,0,39.893,113.884,48.48936537103,105169.0,1.0
119,1989,3,0,0,23.553,99.526,48.48936537103,26592.0,1.0
120,1989,3,0,0,29.882,106.804,48.48936537103,52804.0,1.0
121,1989,3,0,0,31.583,102.433,48.48936537103,21404.0,1.0
124,1990,3,0,0,37.001,103.863,51.106795000398705,30017.0,1.0
125,1990,3,0,0,35.986,100.245,51.106795000398705,34445.0,1.0
128,1991,0,2,0,37.457,68.273,53.2711566167213,24.0,1.0
129,1991,0,2,0,38.993,70.423,53.2711566167213,7130.0,2.0
131,1991,3,0,0,40.3,78.9,53.2711566167213,42808.0,2.0
132,1991,3,0,0,39.8,173.9,53.2711566167213,240543.0,2.0
134,1992,0,2,0,33.376999999999995,71.317,54.884642412802705,14.0,2.0
135,1992,3,0,0,29.41,91.1,54.884642412802705,16000.0,2.0
136,1993,3,0,0,23.026999999999997,101.06200000000001,56.5046456390697,142146.0,2.0
139,1989,5,1,0,-4.511,139.02200000000002,48.48936537103,17316.0,2.0
140,1989,5,1,0,1.031,126.189,48.48936537103,5500.0,2.0
141,1989,5,1,0,-8.081,125.129,48.48936537103,197.0,2.0
142,1990,5,1,0,3.908,97.45700000000001,51.106795000398705,2173.0,2.0
143,1990,5,1,0,1.186,122.857,51.106795000398705,7041.0,2.0
144,1990,5,1,0,9.904,101.12,51.106795000398705,103.0,2.0
147,1990,9,2,0,35.121,70.486,51.106795000398705,261.0,2.0
148,1990,9,2,0,28.925,66.331,51.106795000398705,51.0,2.0
149,1990,9,2,0,27.429000000000002,65.79,51.106795000398705,6.0,2.0
151,1991,4,2,0,30.78,78.774,53.2711566167213,55883.0,1.0
152,1991,5,1,0,1.196,122.787,53.2711566167213,1000.0,1.0
153,1991,5,1,0,8.099,125.681,53.2711566167213,16219.0,2.0
155,1991,7,1,0,23.5,96.3,53.2711566167213,160.0,1.0
156,1991,9,2,0,38.993,70.423,53.2711566167213,205094.0,1.0
157,1992,5,1,0,8.482000000000001,121.93,54.884642412802705,94603.0,1.0
158,1992,5,1,0,7.138,109.06700000000001,54.884642412802705,7501.0,1.0
163,1992,9,2,0,29.3,66.7,54.884642412802705,4.0,2.0
164,1992,9,2,0,33.376999999999995,71.317,54.884642412802705,2136.0,2.0
166,1993,4,2,0,16.4,74.2,56.5046456390697,39748.0,2.0
167,1993,4,2,0,18.12,76.533,56.5046456390697,525.0,2.0
169,1993,8,2,0,28.723000000000003,82.28,56.5046456390697,285.0,2.0
170,1994,5,1,0,4.967,104.302,57.977974238072605,49606.0,2.0
171,1994,5,1,0,1.015,127.73299999999999,57.977974238072605,200047.0,2.0
176,1994,0,2,0,37.0,67.0,57.977974238072605,100490.0,2.0
177,1994,3,0,0,22.52,118.7,57.977974238072605,501.0,2.0
178,1994,3,0,0,20.485,109.406,57.977974238072605,5860.0,2.0
179,1994,3,0,0,36.028,100.104,57.977974238072605,285.0,2.0
182,1995,3,0,0,21.965999999999998,99.196,59.6044948945252,1000147.0,1.0
183,1995,3,0,0,25.9,102.2,59.6044948945252,20343.0,1.0
184,1995,3,0,0,36.443000000000005,103.105,59.6044948945252,5074.0,1.0
187,1996,0,2,0,36.0,65.0,61.3516297283817,3250.0,1.0
188,1996,3,0,0,25.04,102.41,61.3516297283817,5078104.0,1.0
189,1996,3,0,0,40.774,109.661,61.3516297283817,200318.0,1.0
190,1996,3,0,0,39.28,76.44,61.3516297283817,33154.0,1.0
191,1996,3,0,0,26.51,100.16,61.3516297283817,137.0,1.0
195,1997,0,2,0,33.825,59.809,62.7858352045064,5.0,2.0
196,1997,1,2,0,22.212,92.70200000000001,62.7858352045064,223.0,2.0
197,1997,3,0,0,39.474000000000004,76.998,62.7858352045064,155052.0,2.0
198,1997,3,0,0,39.3,76.5,62.7858352045064,500098.0,2.0
199,1997,3,0,0,39.422,76.839,62.7858352045064,20008.0,2.0
200,1997,3,0,0,39.527,76.941,62.7858352045064,100098.0,2.0
203,1998,3,0,0,41.083,114.5,63.760455237399505,598049.0,1.0
204,1998,0,2,0,37.106,70.11,63.760455237399505,121635.0,1.0
205,1998,0,2,0,37.075,70.089,63.760455237399505,35141.0,1.0
207,1994,5,1,0,10.2,13.2,57.977974238072605,8959.0,2.0
208,1994,5,1,0,1.14,128.5,57.977974238072605,2438.0,1.0
209,1994,5,1,0,2.001,135.931,57.977974238072605,67.0,1.0
210,1995,5,1,0,40.1,21.6,59.6044948945252,191.0,1.0
211,1995,5,1,0,2.1,101.3,59.6044948945252,90302.0,2.0
212,1995,5,1,0,1.02,120.5,59.6044948945252,1538.0,1.0
213,1995,7,1,0,21.965999999999998,99.196,59.6044948945252,0.0,1.0
214,1996,5,1,0,0.7290000000000001,119.931,61.3516297283817,13009.0,1.0
215,1996,5,1,0,1.1,137.15,61.3516297283817,25804.0,1.0
219,1997,9,2,0,29.976,68.208,62.7858352045064,10150.0,2.0
220,1997,5,1,0,4.0,119.4,62.7858352045064,3125.0,2.0
221,1997,4,2,0,23.083000000000002,80.041,62.7858352045064,156543.0,2.0
226,1995,10,1,0,21.965999999999998,99.196,59.6044948945252,0.0,2.0
228,1998,3,0,0,27.308000000000003,101.029,63.760455237399505,337446.0,2.0
229,1998,0,2,0,36.479,71.086,63.760455237399505,0.0,1.0
230,1998,3,0,0,26.373,104.021,63.760455237399505,107084.0,1.0
231,1998,3,0,0,39.977,76.73100000000001,63.760455237399505,2000.0,1.0
232,1998,3,0,0,37.38800000000001,78.843,63.760455237399505,25028.0,1.0
233,1998,3,0,0,39.66,77.343,63.760455237399505,111865.0,1.0
234,1998,3,0,0,27.213,101.057,63.760455237399505,3528.0,2.0
235,1999,0,2,0,34.259,69.36399999999999,65.15554686152831,92030.0,2.0
236,1999,1,2,0,21.544,91.895,65.15554686152831,15206.0,2.0
237,1999,3,0,0,41.131,114.658,65.15554686152831,16003.0,2.0
238,1999,3,0,0,39.899,113.983,65.15554686152831,3020004.0,2.0
239,1999,3,0,0,40.459,122.889,65.15554686152831,800.0,1.0
241,2000,1,2,0,21.431,91.762,67.355758979313,1000.0,1.0
243,2000,3,0,0,25.607,101.063,67.355758979313,1855014.0,1.0
244,2000,3,0,0,24.263,103.797,67.355758979313,10303.0,2.0
245,2000,3,0,0,40.49800000000001,122.994,67.355758979313,62030.0,2.0
246,2000,3,0,0,37.012,103.791,67.355758979313,100.0,2.0
247,2000,3,0,0,25.826,102.194,67.355758979313,177612.0,1.0
248,2001,3,0,0,29.513,101.129,69.259339950271,300112.0,2.0
249,1998,5,1,0,-2.071,124.891,63.760455237399505,6481.0,2.0
251,1998,5,1,0,-8.193999999999999,112.413,63.760455237399505,501.0,1.0
255,1999,5,1,0,-6.845,105.555,65.15554686152831,16925.0,2.0
257,1999,4,2,0,30.512,79.403,65.15554686152831,477994.0,1.0
259,2000,5,1,0,-4.646,102.102,67.355758979313,204817.0,1.0
260,2000,5,1,0,-1.105,123.573,67.355758979313,52815.0,1.0
265,2000,5,1,0,-6.675,106.845,67.355758979313,4124.0,2.0
266,2000,5,1,0,-6.549,105.63,67.355758979313,5500.0,2.0
267,2000,5,1,0,-4.612,101.905,67.355758979313,3001.0,2.0
269,2001,4,2,0,23.419,70.232,69.259339950271,6341817.0,2.0
270,1998,9,2,0,36.479,71.086,63.760455237399505,612.0,2.0
272,2001,9,2,0,23.419,70.232,69.259339950271,914304.0,1.0
273,2001,0,2,0,36.424,70.881,69.259339950271,0.0,1.0
274,2001,0,2,0,35.169000000000004,69.389,69.259339950271,274.0,1.0
275,2002,0,2,0,36.429,70.438,70.3578189693375,3663.0,2.0
276,2002,0,2,0,36.062,69.315,70.3578189693375,92228.0,2.0
277,2002,0,2,0,35.959,69.417,70.3578189693375,6200.0,1.0
278,2001,3,0,0,24.768,99.061,69.259339950271,150192.0,1.0
279,2001,3,0,0,27.689,101.003,69.259339950271,10607.0,1.0
280,2001,3,0,0,24.455,102.66,69.259339950271,25000.0,1.0
281,2001,3,0,0,26.316,100.648,69.259339950271,17221.0,1.0
291,2001,5,1,0,-6.99,108.275,69.259339950271,12512.0,2.0
292,2001,5,1,0,-4.68,102.562,69.259339950271,0.0,1.0
295,2002,4,2,0,13.036,93.068,70.3578189693375,202.0,2.0
296,2002,3,0,0,30.916,99.927,70.3578189693375,378.0,2.0
297,2002,3,0,0,39.736,97.443,70.3578189693375,65502.0,2.0
301,2002,5,1,0,-1.196,121.333,70.3578189693375,2548.0,1.0
302,2002,5,1,0,-1.68,134.234,70.3578189693375,155.0,2.0
303,2002,5,1,0,2.824,96.085,70.3578189693375,63.0,2.0
305,2003,3,0,0,39.61,77.23,71.9550065545137,517268.0,1.0
306,2003,5,1,0,-8.807,118.524,71.9550065545137,2502.0,2.0
307,2002,9,2,0,35.517,74.654,70.3578189693375,15082.0,2.0
308,2002,9,2,0,35.414,74.515,70.3578189693375,140801.0,2.0
309,2002,9,2,0,36.429,70.438,70.3578189693375,3.0,2.0
310,2003,0,2,0,35.893,70.62,71.9550065545137,1002.0,2.0
311,2004,0,2,0,33.426,69.524,73.88141243744471,1042.0,2.0
314,2003,1,2,0,22.854,92.306,71.9550065545137,2527.0,1.0
315,2003,3,0,0,25.975,101.29,71.9550065545137,1295600.0,2.0
316,2003,3,0,0,37.529,96.476,71.9550065545137,3300.0,2.0
317,2003,3,0,0,39.43,77.219,71.9550065545137,8004.0,1.0
318,2003,3,0,0,43.77,119.643,71.9550065545137,455504.0,2.0
319,2003,3,0,0,25.954,101.254,71.9550065545137,60059.0,2.0
320,2003,3,0,0,38.383,100.975,71.9550065545137,275052.0,2.0
321,2003,3,0,0,34.712,103.834,71.9550065545137,23370.0,2.0
322,2003,3,0,0,27.372,103.971,71.9550065545137,493069.0,2.0
323,2003,3,0,0,42.905,80.515,71.9550065545137,6029.0,2.0
324,2003,3,0,0,27.283,103.753,71.9550065545137,10004.0,2.0
326,2003,5,1,0,2.354,128.855,71.9550065545137,248.0,1.0
327,2003,5,1,0,1.142,128.15200000000002,71.9550065545137,500.0,1.0
331,2004,5,1,0,-3.615,135.53799999999998,73.88141243744471,14109.0,1.0
332,2004,5,1,0,-3.609,135.404,73.88141243744471,12865.0,2.0
333,2004,5,1,0,-8.152000000000001,124.868,73.88141243744471,83414.0,2.0
335,2004,3,0,0,45.382,118.256,73.88141243744471,190100.0,2.0
336,2004,3,0,0,27.266,103.873,73.88141243744471,120604.0,2.0
337,2004,3,0,0,25.073,99.169,73.88141243744471,100012.0,2.0
338,2004,3,0,0,34.681999999999995,103.781,73.88141243744471,22019.0,2.0
339,2004,3,0,0,37.506,96.758,73.88141243744471,4199.0,2.0
342,2004,5,1,0,-8.31,115.788,73.88141243744471,30041.0,2.0
343,2004,5,1,0,-0.466,100.655,73.88141243744471,512.0,2.0
345,2005,5,1,0,2.085,97.108,76.3880272118934,106228.0,2.0
348,2005,5,1,0,-1.198,119.933,76.3880272118934,685.0,2.0
349,2004,9,2,0,34.774,73.21600000000002,73.88141243744471,13172.0,1.0
350,2005,0,2,0,34.539,73.58800000000002,76.3880272118934,1.0,1.0
351,2005,0,2,0,36.357,71.093,76.3880272118934,506.0,1.0
352,2006,0,2,0,37.255,68.828,78.8522555129301,936.0,1.0
353,2005,4,2,0,34.539,73.58800000000002,76.3880272118934,157931.0,1.0
354,2005,3,0,0,29.671,115.688,76.3880272118934,615516.0,1.0
355,2005,3,0,0,26.569000000000006,103.036,76.3880272118934,18509.0,1.0
360,2006,3,0,0,28.012,104.151,78.8522555129301,45552.0,1.0
361,2006,5,1,0,0.626,99.859,78.8522555129301,1208.0,1.0
363,2006,3,0,0,23.282,101.693,78.8522555129301,68761.0,0.0
364,2006,3,0,0,27.995,104.138,78.8522555129301,265128.0,0.0
365,2006,3,0,0,33.068000000000005,104.95,78.8522555129301,130.0,0.0
366,2006,3,0,0,31.56,113.21,78.8522555129301,20000.0,2.0
367,2006,3,0,0,43.469,119.558,78.8522555129301,12000.0,2.0
369,2006,5,1,0,-7.961,110.446,78.8522555129301,3183701.0,2.0
370,2006,5,1,0,-8.261000000000001,118.753,78.8522555129301,115.0,2.0
374,2007,5,1,0,-0.488,100.53,81.1016589316606,137727.0,2.0
376,2005,9,2,0,34.539,73.58800000000002,76.3880272118934,5201647.0,1.0
378,2007,5,1,0,-4.438,101.367,81.1016589316606,459592.0,1.0
380,2007,3,0,0,23.028,101.052,81.1016589316606,332.0,1.0
384,2007,5,1,0,-7.782999999999999,114.338,81.1016589316606,469.0,1.0
385,2007,5,1,0,-8.292,118.37,81.1016589316606,21803.0,1.0
387,2008,3,0,0,31.002,103.322,84.21522909276999,46064072.0,0.0
388,2008,3,0,0,32.756,105.494,84.21522909276999,13533.0,0.0
389,2008,3,0,0,25.039,97.697,84.21522909276999,166.0,0.0
390,2008,3,0,0,26.241,101.889,84.21522909276999,1000629.0,0.0
391,2008,3,0,0,29.807,90.35,84.21522909276999,784.0,0.0
392,2008,3,0,0,23.97,97.569,84.21522909276999,27169.0,0.0
393,2008,3,0,0,32.56,105.423,84.21522909276999,351008.0,0.0
396,2008,5,1,0,2.768,95.964,84.21522909276999,28.0,0.0
397,2008,5,1,0,-3.935,103.058,84.21522909276999,627.0,0.0
398,2008,5,1,0,1.271,122.091,84.21522909276999,10083.0,0.0
400,2009,0,2,0,34.185,70.07600000000001,83.9158074104016,3331.0,0.0
401,2009,3,0,0,43.236,80.893,83.9158074104016,4549.0,0.0
403,2009,5,1,0,-0.414,132.885,83.9158074104016,4255.0,0.0
404,2009,5,1,0,3.886,126.387,83.9158074104016,3049.0,0.0
411,2008,9,2,0,30.639,67.351,84.21522909276999,75486.0,0.0
413,2009,5,1,0,-8.207,118.631,83.9158074104016,2502993.0,0.0
414,2009,5,1,0,-7.782,107.297,83.9158074104016,339920.0,2.0
415,2009,2,2,0,-15.489,-172.095,83.9158074104016,23.0,2.0
416,2009,3,0,0,25.632,101.095,83.9158074104016,65337.0,2.0
419,2009,5,1,0,-0.72,99.867,83.9158074104016,1512.0,0.0
422,2010,0,2,0,35.633,67.658,85.2920606019027,1081.0,0.0
423,2010,3,0,0,25.558000000000003,105.804,85.2920606019027,17.0,0.0
424,2010,5,1,0,-2.174,136.543,85.2920606019027,4617.0,0.0
427,2010,3,0,0,30.268,105.668,85.2920606019027,10516.0,1.0
428,2010,3,0,0,25.523000000000003,101.903,85.2920606019027,50011.0,1.0
429,2010,3,0,0,33.165,96.548,85.2920606019027,114968.0,
430,2010,3,0,0,27.197,103.005,85.2920606019027,5014.0,
437,2011,4,2,0,27.73,88.155,87.98460291884459,575312.0,
438,2011,2,2,0,27.73,88.155,87.98460291884459,20017.0,
439,2011,3,0,0,24.693,97.943,87.98460291884459,64501.0,
440,2011,3,0,0,24.727,97.957,87.98460291884459,5465.0,
441,2011,3,0,0,20.687,99.822,87.98460291884459,9508.0,
442,2011,3,0,0,27.73,88.155,87.98460291884459,5143.0,
445,2011,7,1,0,20.687,99.822,87.98460291884459,21351.0,
446,2011,8,2,0,27.73,88.155,87.98460291884459,167956.0,
447,2011,9,2,0,28.777,63.951,87.98460291884459,1002.0,
448,2011,10,1,0,20.687,99.822,87.98460291884459,17.0,
449,2011,3,0,0,43.015,88.24700000000001,87.98460291884459,258.0,
451,2011,3,0,0,43.648,82.43700000000003,87.98460291884459,143000.0,
452,2011,3,0,0,39.955,77.028,87.98460291884459,1616.0,
454,2011,5,1,0,2.965,97.893,87.98460291884459,10.0,
456,2012,0,2,0,36.023,69.351,89.8052929320648,310.0,
458,2012,3,0,0,27.767,100.781,89.8052929320648,34238.0,
459,2012,3,0,0,43.433,84.7,89.8052929320648,155052.0,
460,2012,3,0,0,27.575,103.983,89.8052929320648,744902.0,
461,2012,3,0,0,32.978,119.593,89.8052929320648,2611.0,
462,2012,3,0,0,38.745,88.098,89.8052929320648,5500.0,
463,2012,3,0,0,39.383,81.307,89.8052929320648,36641.0,
465,2012,5,1,0,2.327,93.063,89.8052929320648,114.0,
466,2012,5,1,0,-1.315,120.096,89.8052929320648,7889.0,
467,2013,3,0,0,34.512,104.262,91.1207940325185,123982.0,
468,2013,3,0,0,28.2425,99.3502,91.1207940325185,538053.0,
469,2013,5,1,0,4.645,96.665,91.1207940325185,55983.0,
470,2013,0,2,0,34.526,70.22,91.1207940325185,3549.0,
473,2013,3,0,0,25.98,99.812,91.1207940325185,427740.0,
474,2013,3,0,0,30.308000000000003,102.888,91.1207940325185,2198983.0,
475,2013,3,0,0,44.5993,124.1681,91.1207940325185,58300.0,
476,2013,3,0,0,31.066,110.412,91.1207940325185,90500.0,
477,2013,3,0,0,25.953000000000007,99.782,91.1207940325185,80555.0,
478,2013,3,0,0,40.253,78.944,91.1207940325185,2000.0,
479,2013,5,1,0,4.927,95.907,91.1207940325185,516.0,
480,2013,5,1,0,5.1033,95.9709,91.1207940325185,2739.0,
482,2013,4,2,0,33.061,75.863,91.1207940325185,59353.0,
485,2012,7,1,0,23.005,95.885,89.8052929320648,1524.0,
489,2013,9,2,0,28.033,61.996,91.1207940325185,15216.0,
490,2013,9,2,0,26.951,65.5009,91.1207940325185,186148.0,
491,2013,9,2,0,27.1825,65.5052,91.1207940325185,72.0,
492,2014,3,0,0,27.1891,103.4086,92.59898057379341,1121244.0,
493,2014,3,0,0,35.9053,82.5864,92.59898057379341,450000.0,
494,2014,3,0,0,28.174,103.619,92.59898057379341,75021.0,
495,2014,3,0,0,24.974,97.844,92.59898057379341,225015.0,
496,2014,3,0,0,24.9997,97.845,92.59898057379341,184723.0,
497,2014,3,0,0,23.3834,100.4702,92.59898057379341,255325.0,
498,2014,3,0,0,30.3398,101.7374,92.59898057379341,82360.0,
499,2014,3,0,0,23.3577,100.533,92.59898057379341,2023.0,
500,2015,0,2,0,36.5244,70.3676,92.7088219860826,92840.0,
501,2015,0,2,0,36.4935,71.1263,92.7088219860826,407.0,
502,2015,1,2,0,28.2305,84.7314,92.7088219860826,204.0,
503,2015,3,0,0,44.133,85.568,92.7088219860826,8640.0,
504,2015,3,0,0,23.566,98.854,92.7088219860826,2032.0,
505,2015,3,0,0,28.2305,84.7314,92.7088219860826,207912.0,
506,2015,3,0,0,27.8087,86.0655,92.7088219860826,1.0,
507,2015,3,0,0,37.4593,78.1542,92.7088219860826,9266.0,
511,2016,1,2,0,24.804,93.65,93.878436484259,75.0,
520,2014,10,1,0,19.6557,99.6696,92.59898057379341,17524.0,
521,2015,6,1,0,5.987,116.541,92.7088219860826,34.0,
522,2015,8,2,0,28.2305,84.7314,92.7088219860826,5648553.0,
523,2015,8,2,0,27.8087,86.0655,92.7088219860826,2566.0,
524,2015,5,1,0,-0.621,131.262,92.7088219860826,12247.0,
525,2015,4,2,0,28.2305,84.7314,92.7088219860826,638.0,
526,2015,4,2,0,27.8087,86.0655,92.7088219860826,20.0,
527,2015,4,2,0,36.5244,70.3676,92.7088219860826,10.0,
529,2015,9,2,0,36.5244,70.3676,92.7088219860826,502870.0,
530,2015,9,2,0,36.4935,71.1263,92.7088219860826,88.0,
532,2016,5,1,0,-3.863,127.229,93.878436484259,368.0,
533,2016,4,2,0,24.804,93.65,93.878436484259,10816.0,
536,2016,9,2,0,36.473,71.13,93.878436484259,148.0,
537,1902,3,0,0,39.88,76.2,3.3918445425216,2500.0,
538,1905,3,0,0,29.3,104.8,3.5223001018494,0.0,
539,1906,3,0,0,43.5,85.5,3.5223001018494,10280.0,
540,1909,3,0,0,24.4,103.0,3.5223001018494,21.0,
542,2016,3,0,0,39.238,74.047,93.878436484259,37201.0,
543,2016,3,0,0,43.823,86.345,93.878436484259,9120.0,
544,2016,3,0,0,26.077,99.539,93.878436484259,5002.0,
547,2017,3,0,0,33.193000000000005,103.855,95.87816577449881,218354.0,
550,2017,3,0,0,29.833,94.978,95.87816577449881,23403.0,
551,2018,3,0,0,45.279,124.557,98.2199906178672,12000.0,
552,2018,3,0,0,24.332,102.941,98.2199906178672,18024.0,
554,2019,3,0,0,29.498,104.632,100.0,32774.0,
555,2019,3,0,0,28.405,104.957,100.0,244233.0,
557,1909,9,2,0,30.0,68.0,3.5223001018494,231.0,
558,2016,5,1,0,-8.218,117.816,93.878436484259,3410.0,
559,2016,5,1,0,5.2810000000000015,96.108,93.878436484259,86122.0,
560,2016,7,1,0,20.923,94.569,93.878436484259,1156.0,
567,2018,5,1,0,-8.287,116.452,98.2199906178672,517491.0,
568,2018,5,1,0,-7.1960000000000015,105.918,98.2199906178672,13812.0,
569,2018,5,1,0,-8.274,116.491,98.2199906178672,102866.0,
570,2018,5,1,0,-8.325,116.577,98.2199906178672,789.0,
574,2019,5,1,0,-0.586,128.034,100.0,11812.0,
575,2019,5,1,0,-1.301,101.601,100.0,1763.0,
576,2019,5,1,0,-8.418,116.52,100.0,1304.0,
577,2019,5,1,0,-7.282,104.791,100.0,2110.0,
579,1913,3,0,0,24.15,102.45,3.8745301120344,1054.0,
580,1915,3,0,0,29.5,91.5,3.9658490035638,170.0,
581,1924,3,0,0,36.983,164.0,6.7184613053794005,100.0,
582,1925,3,0,0,27.0,100.0,6.8750079765728,1512.0,
583,1930,3,0,0,26.8,103.0,6.548869078253301,42.0,
584,1930,3,0,0,30.0,100.0,6.548869078253301,200.0,
585,1931,3,0,0,46.817,89.915,5.9618190612784,10000.0,
586,1935,3,0,0,28.7,103.6,5.374769044303499,100.0,
587,1936,3,0,0,35.4,103.4,5.439996823967401,48250.0,
588,1936,3,0,0,34.2,105.7,5.439996823967401,22441.0,
589,1936,3,0,0,26.6,103.0,5.439996823967401,30.0,
590,1937,3,0,0,35.259,115.184,5.6356801629591,390.0,
591,1940,3,0,0,23.9,102.3,5.4921790476985,58436.0,
592,1940,3,0,0,40.2,122.0,5.4921790476985,5950.0,
593,1941,3,0,0,47.0,127.2,5.7661357222868,31940.0,
594,1941,3,0,0,31.7,102.3,5.7661357222868,375.0,
595,1942,3,0,0,23.1,100.3,6.405367962992799,90.0,
596,1945,3,0,0,39.5,119.0,7.057645759631599,47.0,
597,1948,3,0,0,29.5,100.5,9.418891383464,4000.0,
598,1948,3,0,0,26.4,99.7,9.418891383464,4110.0,
599,1949,3,0,0,42.0,84.0,9.3275724919345,5088.0,
600,1951,3,0,0,26.7,100.0,10.1755336275649,149450.0,
601,1952,3,0,0,30.648000000000003,91.601,10.4103536343549,3924.0,
602,1952,3,0,0,22.9,99.7,10.4103536343549,300.0,
603,1967,3,0,0,30.2,104.1,13.048062107494,2085.0,
604,1972,0,2,0,36.278,69.681,16.356524754182598,26.0,
605,1973,3,0,0,31.398000000000003,100.581,17.3669860176555,840.0,
606,1979,3,0,0,41.145,108.129,28.387598897135895,2104.0,
607,2019,3,0,0,29.573,105.064,100.0,15583.0,
608,2019,3,0,0,29.573,105.064,100.0,15583.0,
614,1913,5,1,0,5.354,126.121,3.8745301120344,138.0,
615,1924,5,1,0,-7.3,109.8,6.7184613053794005,60.0,
616,1930,7,1,0,17.4,95.5,6.548869078253301,50.0,
617,1932,5,1,0,-3.57,128.35,5.348677932438,365.0,
618,1936,5,1,0,4.5,126.5,5.439996823967401,845.0,
619,1950,5,1,0,-6.0,113.0,9.4319369393968,66.0,
620,1955,9,2,0,30.5,67.0,10.473000409773,12.0,
621,1966,4,2,0,28.7,78.9,12.6960281686485,15.0,
622,1967,5,1,0,5.121,96.286,13.048062107494,10014.0,
623,1971,5,1,0,-7.2,109.1,15.838254626633802,6892.0,
624,2019,5,1,0,-3.45,128.347,100.0,247449.0,
625,2019,9,2,0,33.106,73.766,100.0,130437.0,
